file_name,upper_table_id,lower_table_id,upper_page,lower_page,merge_strategy,reason,cut_column_block_rows
2.FCM內控CA---壹、業務及收入循環 ---114.04.md,2.FCM內控CA---壹、業務及收入循環 ---114.04_table_1,2.FCM內控CA---壹、業務及收入循環 ---114.04_table_2,2,3,append_table_rows,logic_1_fcm_basic_match,1
2.FCM內控CA---壹、業務及收入循環 ---114.04.md,2.FCM內控CA---壹、業務及收入循環 ---114.04_table_2,2.FCM內控CA---壹、業務及收入循環 ---114.04_table_3,3,4,append_table_rows,logic_1_fcm_basic_match,1
2.FCM內控CA---壹、業務及收入循環 ---114.04.md,2.FCM內控CA---壹、業務及收入循環 ---114.04_table_3,2.FCM內控CA---壹、業務及收入循環 ---114.04_table_4,4,5,append_table_rows,logic_1_fcm_basic_match,1
2.FCM內控CA---壹、業務及收入循環 ---114.04.md,2.FCM內控CA---壹、業務及收入循環 ---114.04_table_4,2.FCM內控CA---壹、業務及收入循環 ---114.04_table_5,5,6,append_table_rows,logic_1_fcm_basic_match,1
2.FCM內控CA---壹、業務及收入循環 ---114.04.md,2.FCM內控CA---壹、業務及收入循環 ---114.04_table_5,2.FCM內控CA---壹、業務及收入循環 ---114.04_table_6,6,7,append_table_rows,logic_1_fcm_basic_match,1
2.FCM內控CA---壹、業務及收入循環 ---114.04.md,2.FCM內控CA---壹、業務及收入循環 ---114.04_table_6,2.FCM內控CA---壹、業務及收入循環 ---114.04_table_7,7,8,append_table_rows,logic_1_fcm_basic_match,1
2.FCM內控CA---壹、業務及收入循環 ---114.04.md,2.FCM內控CA---壹、業務及收入循環 ---114.04_table_7,2.FCM內控CA---壹、業務及收入循環 ---114.04_table_8,8,9,append_table_rows,logic_1_fcm_basic_match,1
2.FCM內控CA---壹、業務及收入循環 ---114.04.md,2.FCM內控CA---壹、業務及收入循環 ---114.04_table_8,2.FCM內控CA---壹、業務及收入循環 ---114.04_table_9,9,10,append_table_rows,logic_1_fcm_basic_match,1
2.FCM內控CA---壹、業務及收入循環 ---114.04.md,2.FCM內控CA---壹、業務及收入循環 ---114.04_table_9,2.FCM內控CA---壹、業務及收入循環 ---114.04_table_10,10,11,append_table_rows,logic_1_fcm_basic_match,1
2.FCM內控CA---壹、業務及收入循環 ---114.04.md,2.FCM內控CA---壹、業務及收入循環 ---114.04_table_10,2.FCM內控CA---壹、業務及收入循環 ---114.04_table_11,11,12,append_table_rows,logic_1_fcm_basic_match,1
2.FCM內控CA---壹、業務及收入循環 ---114.04.md,2.FCM內控CA---壹、業務及收入循環 ---114.04_table_11,2.FCM內控CA---壹、業務及收入循環 ---114.04_table_12,12,13,append_table_rows,logic_1_fcm_basic_match,1
2.FCM內控CA---壹、業務及收入循環 ---114.04.md,2.FCM內控CA---壹、業務及收入循環 ---114.04_table_12,2.FCM內控CA---壹、業務及收入循環 ---114.04_table_13,13,14,append_table_rows,logic_1_fcm_basic_match,1
2.FCM內控CA---壹、業務及收入循環 ---114.04.md,2.FCM內控CA---壹、業務及收入循環 ---114.04_table_13,2.FCM內控CA---壹、業務及收入循環 ---114.04_table_14,14,15,append_table_rows,logic_1_fcm_basic_match,1
2.FCM內控CA---壹、業務及收入循環 ---114.04.md,2.FCM內控CA---壹、業務及收入循環 ---114.04_table_14,2.FCM內控CA---壹、業務及收入循環 ---114.04_table_15,15,16,append_table_rows,logic_1_fcm_basic_match,1
2.FCM內控CA---壹、業務及收入循環 ---114.04.md,2.FCM內控CA---壹、業務及收入循環 ---114.04_table_15,2.FCM內控CA---壹、業務及收入循環 ---114.04_table_16,16,17,append_table_rows,logic_1_fcm_basic_match,1
2.FCM內控CA---壹、業務及收入循環 ---114.04.md,2.FCM內控CA---壹、業務及收入循環 ---114.04_table_16,2.FCM內控CA---壹、業務及收入循環 ---114.04_table_17,17,18,append_table_rows,logic_1_fcm_basic_match,1
2.FCM內控CA---壹、業務及收入循環 ---114.04.md,2.FCM內控CA---壹、業務及收入循環 ---114.04_table_17,2.FCM內控CA---壹、業務及收入循環 ---114.04_table_18,18,19,append_table_rows,logic_1_fcm_basic_match,1
2.FCM內控CA---壹、業務及收入循環 ---114.04.md,2.FCM內控CA---壹、業務及收入循環 ---114.04_table_18,2.FCM內控CA---壹、業務及收入循環 ---114.04_table_19,19,20,append_table_rows,logic_1_fcm_basic_match,1
2.FCM內控CA---壹、業務及收入循環 ---114.04.md,2.FCM內控CA---壹、業務及收入循環 ---114.04_table_19,2.FCM內控CA---壹、業務及收入循環 ---114.04_table_20,20,21,append_table_rows,logic_1_fcm_basic_match,1
2.FCM內控CA---壹、業務及收入循環 ---114.04.md,2.FCM內控CA---壹、業務及收入循環 ---114.04_table_20,2.FCM內控CA---壹、業務及收入循環 ---114.04_table_21,21,22,append_table_rows,logic_1_fcm_basic_match,1
2.FCM內控CA---壹、業務及收入循環 ---114.04.md,2.FCM內控CA---壹、業務及收入循環 ---114.04_table_21,2.FCM內控CA---壹、業務及收入循環 ---114.04_table_22,22,23,append_table_rows,logic_1_fcm_basic_match,1
2.FCM內控CA---壹、業務及收入循環 ---114.04.md,2.FCM內控CA---壹、業務及收入循環 ---114.04_table_22,2.FCM內控CA---壹、業務及收入循環 ---114.04_table_23,23,24,append_table_rows,logic_1_fcm_basic_match,1
2.FCM內控CA---壹、業務及收入循環 ---114.04.md,2.FCM內控CA---壹、業務及收入循環 ---114.04_table_23,2.FCM內控CA---壹、業務及收入循環 ---114.04_table_24,24,25,append_table_rows,logic_1_fcm_basic_match,1
2.FCM內控CA---壹、業務及收入循環 ---114.04.md,2.FCM內控CA---壹、業務及收入循環 ---114.04_table_24,2.FCM內控CA---壹、業務及收入循環 ---114.04_table_25,25,26,append_table_rows,logic_1_fcm_basic_match,1
2.FCM內控CA---壹、業務及收入循環 ---114.04.md,2.FCM內控CA---壹、業務及收入循環 ---114.04_table_26,2.FCM內控CA---壹、業務及收入循環 ---114.04_table_27,27,28,append_table_rows,logic_1_fcm_basic_match,1
2.FCM內控CA---壹、業務及收入循環 ---114.04.md,2.FCM內控CA---壹、業務及收入循環 ---114.04_table_28,2.FCM內控CA---壹、業務及收入循環 ---114.04_table_29,29,30,append_table_rows,logic_1_fcm_basic_match,1
2.FCM內控CA---壹、業務及收入循環 ---114.04.md,2.FCM內控CA---壹、業務及收入循環 ---114.04_table_29,2.FCM內控CA---壹、業務及收入循環 ---114.04_table_30,30,31,append_table_rows,logic_1_fcm_basic_match,1
2.FCM內控CA---壹、業務及收入循環 ---114.04.md,2.FCM內控CA---壹、業務及收入循環 ---114.04_table_31,2.FCM內控CA---壹、業務及收入循環 ---114.04_table_32,32,33,append_table_rows,logic_1_fcm_basic_match,1
2.FCM內控CA---壹、業務及收入循環 ---114.04.md,2.FCM內控CA---壹、業務及收入循環 ---114.04_table_33,2.FCM內控CA---壹、業務及收入循環 ---114.04_table_34,34,35,append_table_rows,logic_1_fcm_basic_match,1
2.FCM內控CA---壹、業務及收入循環 ---114.04.md,2.FCM內控CA---壹、業務及收入循環 ---114.04_table_34,2.FCM內控CA---壹、業務及收入循環 ---114.04_table_35,35,36,append_table_rows,logic_1_fcm_basic_match,1
2.FCM內控CA---壹、業務及收入循環 ---114.04.md,2.FCM內控CA---壹、業務及收入循環 ---114.04_table_35,2.FCM內控CA---壹、業務及收入循環 ---114.04_table_36,36,37,append_table_rows,logic_1_fcm_basic_match,1
2.FCM內控CA---壹、業務及收入循環 ---114.04.md,2.FCM內控CA---壹、業務及收入循環 ---114.04_table_37,2.FCM內控CA---壹、業務及收入循環 ---114.04_table_38,38,39,append_table_rows,logic_1_fcm_basic_match,1
2.FCM內控CA---壹、業務及收入循環 ---114.04.md,2.FCM內控CA---壹、業務及收入循環 ---114.04_table_38,2.FCM內控CA---壹、業務及收入循環 ---114.04_table_39,39,40,append_table_rows,logic_1_fcm_basic_match,1
2.FCM內控CA---壹、業務及收入循環 ---114.04.md,2.FCM內控CA---壹、業務及收入循環 ---114.04_table_39,2.FCM內控CA---壹、業務及收入循環 ---114.04_table_40,40,41,append_table_rows,logic_1_fcm_basic_match,1
2.FCM內控CA---壹、業務及收入循環 ---114.04.md,2.FCM內控CA---壹、業務及收入循環 ---114.04_table_41,2.FCM內控CA---壹、業務及收入循環 ---114.04_table_42,42,43,append_table_rows,logic_1_fcm_basic_match,1
2.FCM內控CA---壹、業務及收入循環 ---114.04.md,2.FCM內控CA---壹、業務及收入循環 ---114.04_table_42,2.FCM內控CA---壹、業務及收入循環 ---114.04_table_43,43,44,append_table_rows,logic_1_fcm_basic_match,1
2.FCM內控CA---壹、業務及收入循環 ---114.04.md,2.FCM內控CA---壹、業務及收入循環 ---114.04_table_43,2.FCM內控CA---壹、業務及收入循環 ---114.04_table_44,44,45,append_table_rows,logic_1_fcm_basic_match,1
2.FCM內控CA---壹、業務及收入循環 ---114.04.md,2.FCM內控CA---壹、業務及收入循環 ---114.04_table_44,2.FCM內控CA---壹、業務及收入循環 ---114.04_table_45,45,46,append_table_rows,logic_1_fcm_basic_match,1
2.FCM內控CA---壹、業務及收入循環 ---114.04.md,2.FCM內控CA---壹、業務及收入循環 ---114.04_table_45,2.FCM內控CA---壹、業務及收入循環 ---114.04_table_46,46,47,append_table_rows,logic_1_fcm_basic_match,1
2.FCM內控CA---壹、業務及收入循環 ---114.04.md,2.FCM內控CA---壹、業務及收入循環 ---114.04_table_46,2.FCM內控CA---壹、業務及收入循環 ---114.04_table_47,47,48,append_table_rows,logic_1_fcm_basic_match,1
2.FCM內控CA---壹、業務及收入循環 ---114.04.md,2.FCM內控CA---壹、業務及收入循環 ---114.04_table_47,2.FCM內控CA---壹、業務及收入循環 ---114.04_table_48,48,49,append_table_rows,logic_1_fcm_basic_match,1
2.FCM內控CA---壹、業務及收入循環 ---114.04.md,2.FCM內控CA---壹、業務及收入循環 ---114.04_table_48,2.FCM內控CA---壹、業務及收入循環 ---114.04_table_49,49,50,append_table_rows,logic_1_fcm_basic_match,1
2.FCM內控CA---壹、業務及收入循環 ---114.04.md,2.FCM內控CA---壹、業務及收入循環 ---114.04_table_49,2.FCM內控CA---壹、業務及收入循環 ---114.04_table_50,50,51,append_table_rows,logic_1_fcm_basic_match,1
2.FCM內控CA---壹、業務及收入循環 ---114.04.md,2.FCM內控CA---壹、業務及收入循環 ---114.04_table_50,2.FCM內控CA---壹、業務及收入循環 ---114.04_table_51,51,52,append_table_rows,logic_1_fcm_basic_match,1
2.FCM內控CA---壹、業務及收入循環 ---114.04.md,2.FCM內控CA---壹、業務及收入循環 ---114.04_table_51,2.FCM內控CA---壹、業務及收入循環 ---114.04_table_52,52,53,append_table_rows,logic_1_fcm_basic_match,1
2.FCM內控CA---壹、業務及收入循環 ---114.04.md,2.FCM內控CA---壹、業務及收入循環 ---114.04_table_52,2.FCM內控CA---壹、業務及收入循環 ---114.04_table_53,53,54,append_table_rows,logic_1_fcm_basic_match,1
2.FCM內控CA---壹、業務及收入循環 ---114.04.md,2.FCM內控CA---壹、業務及收入循環 ---114.04_table_53,2.FCM內控CA---壹、業務及收入循環 ---114.04_table_54,54,55,append_table_rows,logic_1_fcm_basic_match,1
2.FCM內控CA---壹、業務及收入循環 ---114.04.md,2.FCM內控CA---壹、業務及收入循環 ---114.04_table_54,2.FCM內控CA---壹、業務及收入循環 ---114.04_table_55,55,56,append_table_rows,logic_1_fcm_basic_match,1
2.FCM內控CA---壹、業務及收入循環 ---114.04.md,2.FCM內控CA---壹、業務及收入循環 ---114.04_table_55,2.FCM內控CA---壹、業務及收入循環 ---114.04_table_56,56,57,append_table_rows,logic_1_fcm_basic_match,1
2.FCM內控CA---壹、業務及收入循環 ---114.04.md,2.FCM內控CA---壹、業務及收入循環 ---114.04_table_56,2.FCM內控CA---壹、業務及收入循環 ---114.04_table_57,57,58,append_table_rows,logic_1_fcm_basic_match,1
2.FCM內控CA---壹、業務及收入循環 ---114.04.md,2.FCM內控CA---壹、業務及收入循環 ---114.04_table_61,2.FCM內控CA---壹、業務及收入循環 ---114.04_table_62,63,64,append_table_rows,logic_1_fcm_basic_match,1
2.FCM內控CA---壹、業務及收入循環 ---114.04.md,2.FCM內控CA---壹、業務及收入循環 ---114.04_table_62,2.FCM內控CA---壹、業務及收入循環 ---114.04_table_63,64,65,append_table_rows,logic_1_fcm_basic_match,1
2.FCM內控CA---壹、業務及收入循環 ---114.04.md,2.FCM內控CA---壹、業務及收入循環 ---114.04_table_63,2.FCM內控CA---壹、業務及收入循環 ---114.04_table_64,65,66,append_table_rows,logic_1_fcm_basic_match,1
2.FCM內控CA---壹、業務及收入循環 ---114.04.md,2.FCM內控CA---壹、業務及收入循環 ---114.04_table_64,2.FCM內控CA---壹、業務及收入循環 ---114.04_table_65,66,67,append_table_rows,logic_1_fcm_basic_match,1
2.FCM內控CA---壹、業務及收入循環 ---114.04.md,2.FCM內控CA---壹、業務及收入循環 ---114.04_table_65,2.FCM內控CA---壹、業務及收入循環 ---114.04_table_66,67,68,append_table_rows,logic_1_fcm_basic_match,1
2.FCM內控CA---壹、業務及收入循環 ---114.04.md,2.FCM內控CA---壹、業務及收入循環 ---114.04_table_66,2.FCM內控CA---壹、業務及收入循環 ---114.04_table_67,68,69,append_table_rows,logic_1_fcm_basic_match,1
2.FCM內控CA---壹、業務及收入循環 ---114.04.md,2.FCM內控CA---壹、業務及收入循環 ---114.04_table_67,2.FCM內控CA---壹、業務及收入循環 ---114.04_table_68,69,70,append_table_rows,logic_1_fcm_basic_match,1
2.FCM內控CA---壹、業務及收入循環 ---114.04.md,2.FCM內控CA---壹、業務及收入循環 ---114.04_table_68,2.FCM內控CA---壹、業務及收入循環 ---114.04_table_69,70,71,append_table_rows,logic_1_fcm_basic_match,1
2.FCM內控CA---壹、業務及收入循環 ---114.04.md,2.FCM內控CA---壹、業務及收入循環 ---114.04_table_69,2.FCM內控CA---壹、業務及收入循環 ---114.04_table_70,71,72,append_table_rows,logic_1_fcm_basic_match,1
2.FCM內控CA---壹、業務及收入循環 ---114.04.md,2.FCM內控CA---壹、業務及收入循環 ---114.04_table_70,2.FCM內控CA---壹、業務及收入循環 ---114.04_table_71,72,73,append_table_rows,logic_1_fcm_basic_match,1
2.FCM內控CA---壹、業務及收入循環 ---114.04.md,2.FCM內控CA---壹、業務及收入循環 ---114.04_table_71,2.FCM內控CA---壹、業務及收入循環 ---114.04_table_72,73,74,append_table_rows,logic_1_fcm_basic_match,1
2.FCM內控CA---壹、業務及收入循環 ---114.04.md,2.FCM內控CA---壹、業務及收入循環 ---114.04_table_72,2.FCM內控CA---壹、業務及收入循環 ---114.04_table_73,74,75,append_table_rows,logic_1_fcm_basic_match,1
2.FCM內控CA---壹、業務及收入循環 ---114.04.md,2.FCM內控CA---壹、業務及收入循環 ---114.04_table_73,2.FCM內控CA---壹、業務及收入循環 ---114.04_table_74,75,76,append_table_rows,logic_1_fcm_basic_match,1
2.FCM內控CA---壹、業務及收入循環 ---114.04.md,2.FCM內控CA---壹、業務及收入循環 ---114.04_table_74,2.FCM內控CA---壹、業務及收入循環 ---114.04_table_75,76,77,append_table_rows,logic_1_fcm_basic_match,1
2.FCM內控CA---壹、業務及收入循環 ---114.04.md,2.FCM內控CA---壹、業務及收入循環 ---114.04_table_75,2.FCM內控CA---壹、業務及收入循環 ---114.04_table_76,77,78,append_table_rows,logic_1_fcm_basic_match,1
2.FCM內控CA---壹、業務及收入循環 ---114.04.md,2.FCM內控CA---壹、業務及收入循環 ---114.04_table_76,2.FCM內控CA---壹、業務及收入循環 ---114.04_table_77,78,79,append_table_rows,logic_1_fcm_basic_match,1
2.FCM內控CA---壹、業務及收入循環 ---114.04.md,2.FCM內控CA---壹、業務及收入循環 ---114.04_table_77,2.FCM內控CA---壹、業務及收入循環 ---114.04_table_78,79,80,append_table_rows,logic_1_fcm_basic_match,1
2.FCM內控CA---壹、業務及收入循環 ---114.04.md,2.FCM內控CA---壹、業務及收入循環 ---114.04_table_78,2.FCM內控CA---壹、業務及收入循環 ---114.04_table_79,80,81,append_table_rows,logic_1_fcm_basic_match,1
2.FCM內控CA---壹、業務及收入循環 ---114.04.md,2.FCM內控CA---壹、業務及收入循環 ---114.04_table_79,2.FCM內控CA---壹、業務及收入循環 ---114.04_table_80,81,82,append_table_rows,logic_1_fcm_basic_match,1
2.FCM內控CA---壹、業務及收入循環 ---114.04.md,2.FCM內控CA---壹、業務及收入循環 ---114.04_table_80,2.FCM內控CA---壹、業務及收入循環 ---114.04_table_81,82,83,append_table_rows,logic_1_fcm_basic_match,1
2.FCM內控CA---壹、業務及收入循環 ---114.04.md,2.FCM內控CA---壹、業務及收入循環 ---114.04_table_83,2.FCM內控CA---壹、業務及收入循環 ---114.04_table_84,85,86,append_table_rows,logic_1_fcm_basic_match,1
2.FCM內控CA---壹、業務及收入循環 ---114.04.md,2.FCM內控CA---壹、業務及收入循環 ---114.04_table_85,2.FCM內控CA---壹、業務及收入循環 ---114.04_table_86,87,88,append_table_rows,logic_1_fcm_basic_match,1
2.FCM內控CA---壹、業務及收入循環 ---114.04.md,2.FCM內控CA---壹、業務及收入循環 ---114.04_table_86,2.FCM內控CA---壹、業務及收入循環 ---114.04_table_87,88,89,append_table_rows,logic_1_fcm_basic_match,1
2.FCM內控CA---壹、業務及收入循環 ---114.04.md,2.FCM內控CA---壹、業務及收入循環 ---114.04_table_88,2.FCM內控CA---壹、業務及收入循環 ---114.04_table_89,90,91,append_table_rows,logic_1_fcm_basic_match,1
2.FCM內控CA---壹、業務及收入循環 ---114.04.md,2.FCM內控CA---壹、業務及收入循環 ---114.04_table_89,2.FCM內控CA---壹、業務及收入循環 ---114.04_table_90,91,92,append_table_rows,logic_1_fcm_basic_match,1
2.FCM內控CA---壹、業務及收入循環 ---114.04.md,2.FCM內控CA---壹、業務及收入循環 ---114.04_table_90,2.FCM內控CA---壹、業務及收入循環 ---114.04_table_91,92,93,append_table_rows,logic_1_fcm_basic_match,1
2.FCM內控CA---壹、業務及收入循環 ---114.04.md,2.FCM內控CA---壹、業務及收入循環 ---114.04_table_91,2.FCM內控CA---壹、業務及收入循環 ---114.04_table_92,93,94,append_table_rows,logic_1_fcm_basic_match,1
2.FCM內控CA---壹、業務及收入循環 ---114.04.md,2.FCM內控CA---壹、業務及收入循環 ---114.04_table_92,2.FCM內控CA---壹、業務及收入循環 ---114.04_table_93,94,95,append_table_rows,logic_1_fcm_basic_match,1
2.FCM內控CA---壹、業務及收入循環 ---114.04.md,2.FCM內控CA---壹、業務及收入循環 ---114.04_table_93,2.FCM內控CA---壹、業務及收入循環 ---114.04_table_94,95,96,append_table_rows,logic_1_fcm_basic_match,1
2.FCM內控CA---壹、業務及收入循環 ---114.04.md,2.FCM內控CA---壹、業務及收入循環 ---114.04_table_94,2.FCM內控CA---壹、業務及收入循環 ---114.04_table_95,96,97,append_table_rows,logic_1_fcm_basic_match,1
2.FCM內控CA---壹、業務及收入循環 ---114.04.md,2.FCM內控CA---壹、業務及收入循環 ---114.04_table_95,2.FCM內控CA---壹、業務及收入循環 ---114.04_table_96,97,98,append_table_rows,logic_1_fcm_basic_match,1
2.FCM內控CA---壹、業務及收入循環 ---114.04.md,2.FCM內控CA---壹、業務及收入循環 ---114.04_table_96,2.FCM內控CA---壹、業務及收入循環 ---114.04_table_97,98,99,append_table_rows,logic_1_fcm_basic_match,1
2.FCM內控CA---壹、業務及收入循環 ---114.04.md,2.FCM內控CA---壹、業務及收入循環 ---114.04_table_98,2.FCM內控CA---壹、業務及收入循環 ---114.04_table_99,100,101,append_table_rows,logic_1_fcm_basic_match,1
2.FCM內控CA---壹、業務及收入循環 ---114.04.md,2.FCM內控CA---壹、業務及收入循環 ---114.04_table_99,2.FCM內控CA---壹、業務及收入循環 ---114.04_table_100,101,102,append_table_rows,logic_1_fcm_basic_match,1
2.FCM內控CA---壹、業務及收入循環 ---114.04.md,2.FCM內控CA---壹、業務及收入循環 ---114.04_table_101,2.FCM內控CA---壹、業務及收入循環 ---114.04_table_102,103,104,append_table_rows,logic_1_fcm_basic_match,1
2.FCM內控CA---壹、業務及收入循環 ---114.04.md,2.FCM內控CA---壹、業務及收入循環 ---114.04_table_102,2.FCM內控CA---壹、業務及收入循環 ---114.04_table_103,104,105,append_table_rows,logic_1_fcm_basic_match,1
2.FCM內控CA---壹、業務及收入循環 ---114.04.md,2.FCM內控CA---壹、業務及收入循環 ---114.04_table_103,2.FCM內控CA---壹、業務及收入循環 ---114.04_table_104,105,106,append_table_rows,logic_1_fcm_basic_match,1
2.FCM內控CA---壹、業務及收入循環 ---114.04.md,2.FCM內控CA---壹、業務及收入循環 ---114.04_table_104,2.FCM內控CA---壹、業務及收入循環 ---114.04_table_105,106,107,append_table_rows,logic_1_fcm_basic_match,1
2.FCM內控CA---壹、業務及收入循環 ---114.04.md,2.FCM內控CA---壹、業務及收入循環 ---114.04_table_107,2.FCM內控CA---壹、業務及收入循環 ---114.04_table_108,108,109,append_table_rows,logic_1_fcm_basic_match,1
2.FCM內控CA---壹、業務及收入循環 ---114.04.md,2.FCM內控CA---壹、業務及收入循環 ---114.04_table_108,2.FCM內控CA---壹、業務及收入循環 ---114.04_table_109,109,110,append_table_rows,logic_1_fcm_basic_match,1
2.FCM內控CA---壹、業務及收入循環 ---114.04.md,2.FCM內控CA---壹、業務及收入循環 ---114.04_table_109,2.FCM內控CA---壹、業務及收入循環 ---114.04_table_110,110,111,append_table_rows,logic_1_fcm_basic_match,1
2.FCM內控CA---壹、業務及收入循環 ---114.04.md,2.FCM內控CA---壹、業務及收入循環 ---114.04_table_110,2.FCM內控CA---壹、業務及收入循環 ---114.04_table_111,111,112,append_table_rows,logic_1_fcm_basic_match,1
2.FCM內控CA---壹、業務及收入循環 ---114.04.md,2.FCM內控CA---壹、業務及收入循環 ---114.04_table_113,2.FCM內控CA---壹、業務及收入循環 ---114.04_table_114,114,115,append_table_rows,logic_1_fcm_basic_match,1
2.FCM內控CA---壹、業務及收入循環 ---114.04.md,2.FCM內控CA---壹、業務及收入循環 ---114.04_table_114,2.FCM內控CA---壹、業務及收入循環 ---114.04_table_115,115,116,append_table_rows,logic_1_fcm_basic_match,1
2.FCM內控CA---壹、業務及收入循環 ---114.04.md,2.FCM內控CA---壹、業務及收入循環 ---114.04_table_116,2.FCM內控CA---壹、業務及收入循環 ---114.04_table_117,117,118,append_table_rows,logic_1_fcm_basic_match,1
2.FCM內控CA---壹、業務及收入循環 ---114.04.md,2.FCM內控CA---壹、業務及收入循環 ---114.04_table_117,2.FCM內控CA---壹、業務及收入循環 ---114.04_table_118,118,119,append_table_rows,logic_1_fcm_basic_match,1
2.FCM內控CA---壹、業務及收入循環 ---114.04.md,2.FCM內控CA---壹、業務及收入循環 ---114.04_table_118,2.FCM內控CA---壹、業務及收入循環 ---114.04_table_119,119,120,append_table_rows,logic_1_fcm_basic_match,1
2.FCM內控CA---壹、業務及收入循環 ---114.04.md,2.FCM內控CA---壹、業務及收入循環 ---114.04_table_120,2.FCM內控CA---壹、業務及收入循環 ---114.04_table_121,121,122,append_table_rows,logic_1_fcm_basic_match,1
2.FCM內控CA---壹、業務及收入循環 ---114.04.md,2.FCM內控CA---壹、業務及收入循環 ---114.04_table_122,2.FCM內控CA---壹、業務及收入循環 ---114.04_table_123,124,125,append_table_rows,logic_1_fcm_basic_match,1
2.FCM內控CA---壹、業務及收入循環 ---114.04.md,2.FCM內控CA---壹、業務及收入循環 ---114.04_table_123,2.FCM內控CA---壹、業務及收入循環 ---114.04_table_124,125,126,append_table_rows,logic_1_fcm_basic_match,1
2.FCM內控CA---壹、業務及收入循環 ---114.04.md,2.FCM內控CA---壹、業務及收入循環 ---114.04_table_124,2.FCM內控CA---壹、業務及收入循環 ---114.04_table_125,126,127,append_table_rows,logic_1_fcm_basic_match,1
2.FCM內控CA---壹、業務及收入循環 ---114.04.md,2.FCM內控CA---壹、業務及收入循環 ---114.04_table_125,2.FCM內控CA---壹、業務及收入循環 ---114.04_table_126,127,128,append_table_rows,logic_1_fcm_basic_match,1
2.FCM內控CA---壹、業務及收入循環 ---114.04.md,2.FCM內控CA---壹、業務及收入循環 ---114.04_table_126,2.FCM內控CA---壹、業務及收入循環 ---114.04_table_127,128,129,append_table_rows,logic_1_fcm_basic_match,1
2.FCM內控CA---壹、業務及收入循環 ---114.04.md,2.FCM內控CA---壹、業務及收入循環 ---114.04_table_127,2.FCM內控CA---壹、業務及收入循環 ---114.04_table_128,129,130,append_table_rows,logic_1_fcm_basic_match,1
2.FCM內控CA---壹、業務及收入循環 ---114.04.md,2.FCM內控CA---壹、業務及收入循環 ---114.04_table_128,2.FCM內控CA---壹、業務及收入循環 ---114.04_table_129,130,131,append_table_rows,logic_1_fcm_basic_match,1
2.FCM內控CA---壹、業務及收入循環 ---114.04.md,2.FCM內控CA---壹、業務及收入循環 ---114.04_table_129,2.FCM內控CA---壹、業務及收入循環 ---114.04_table_130,131,132,append_table_rows,logic_1_fcm_basic_match,1
2.FCM內控CA---壹、業務及收入循環 ---114.04.md,2.FCM內控CA---壹、業務及收入循環 ---114.04_table_130,2.FCM內控CA---壹、業務及收入循環 ---114.04_table_131,132,133,append_table_rows,logic_1_fcm_basic_match,1
2.FCM內控CA---壹、業務及收入循環 ---114.04.md,2.FCM內控CA---壹、業務及收入循環 ---114.04_table_131,2.FCM內控CA---壹、業務及收入循環 ---114.04_table_132,133,134,append_table_rows,logic_1_fcm_basic_match,1
2.FCM內控CA---壹、業務及收入循環 ---114.04.md,2.FCM內控CA---壹、業務及收入循環 ---114.04_table_132,2.FCM內控CA---壹、業務及收入循環 ---114.04_table_133,134,135,append_table_rows,logic_1_fcm_basic_match,1
2.FCM內控CA---壹、業務及收入循環 ---114.04.md,2.FCM內控CA---壹、業務及收入循環 ---114.04_table_133,2.FCM內控CA---壹、業務及收入循環 ---114.04_table_134,135,136,append_table_rows,logic_1_fcm_basic_match,1
2.FCM內控CA---壹、業務及收入循環 ---114.04.md,2.FCM內控CA---壹、業務及收入循環 ---114.04_table_134,2.FCM內控CA---壹、業務及收入循環 ---114.04_table_135,136,137,append_table_rows,logic_1_fcm_basic_match,1
2.FCM內控CA---壹、業務及收入循環 ---114.04.md,2.FCM內控CA---壹、業務及收入循環 ---114.04_table_135,2.FCM內控CA---壹、業務及收入循環 ---114.04_table_136,137,138,append_table_rows,logic_1_fcm_basic_match,1
2.FCM內控CA---壹、業務及收入循環 ---114.04.md,2.FCM內控CA---壹、業務及收入循環 ---114.04_table_136,2.FCM內控CA---壹、業務及收入循環 ---114.04_table_137,138,139,append_table_rows,logic_1_fcm_basic_match,1
2.FCM內控CA---壹、業務及收入循環 ---114.04.md,2.FCM內控CA---壹、業務及收入循環 ---114.04_table_137,2.FCM內控CA---壹、業務及收入循環 ---114.04_table_138,139,140,append_table_rows,logic_1_fcm_basic_match,1
2.FCM內控CA---壹、業務及收入循環 ---114.04.md,2.FCM內控CA---壹、業務及收入循環 ---114.04_table_138,2.FCM內控CA---壹、業務及收入循環 ---114.04_table_139,140,141,append_table_rows,logic_1_fcm_basic_match,1
2.FCM內控CA---壹、業務及收入循環 ---114.04.md,2.FCM內控CA---壹、業務及收入循環 ---114.04_table_139,2.FCM內控CA---壹、業務及收入循環 ---114.04_table_140,141,142,append_table_rows,logic_1_fcm_basic_match,1
2.FCM內控CA---壹、業務及收入循環 ---114.04.md,2.FCM內控CA---壹、業務及收入循環 ---114.04_table_141,2.FCM內控CA---壹、業務及收入循環 ---114.04_table_142,143,144,append_table_rows,logic_1_fcm_basic_match,1
2.FCM內控CA---壹、業務及收入循環 ---114.04.md,2.FCM內控CA---壹、業務及收入循環 ---114.04_table_142,2.FCM內控CA---壹、業務及收入循環 ---114.04_table_143,144,145,append_table_rows,logic_1_fcm_basic_match,1
2.FCM內控CA---壹、業務及收入循環 ---114.04.md,2.FCM內控CA---壹、業務及收入循環 ---114.04_table_143,2.FCM內控CA---壹、業務及收入循環 ---114.04_table_144,145,146,append_table_rows,logic_1_fcm_basic_match,1
2.FCM內控CA---壹、業務及收入循環 ---114.04.md,2.FCM內控CA---壹、業務及收入循環 ---114.04_table_146,2.FCM內控CA---壹、業務及收入循環 ---114.04_table_147,148,149,append_table_rows,logic_1_fcm_basic_match,1
2.FCM內控CA---壹、業務及收入循環 ---114.04.md,2.FCM內控CA---壹、業務及收入循環 ---114.04_table_147,2.FCM內控CA---壹、業務及收入循環 ---114.04_table_148,149,150,append_table_rows,logic_1_fcm_basic_match,1
2.FCM內控CA---壹、業務及收入循環 ---114.04.md,2.FCM內控CA---壹、業務及收入循環 ---114.04_table_148,2.FCM內控CA---壹、業務及收入循環 ---114.04_table_149,150,151,append_table_rows,logic_1_fcm_basic_match,1
2.FCM內控CA---壹、業務及收入循環 ---114.04.md,2.FCM內控CA---壹、業務及收入循環 ---114.04_table_149,2.FCM內控CA---壹、業務及收入循環 ---114.04_table_150,151,152,append_table_rows,logic_1_fcm_basic_match,1
2.FCM內控CA---壹、業務及收入循環 ---114.04.md,2.FCM內控CA---壹、業務及收入循環 ---114.04_table_150,2.FCM內控CA---壹、業務及收入循環 ---114.04_table_151,152,153,append_table_rows,logic_1_fcm_basic_match,1
2.FCM內控CA---壹、業務及收入循環 ---114.04.md,2.FCM內控CA---壹、業務及收入循環 ---114.04_table_151,2.FCM內控CA---壹、業務及收入循環 ---114.04_table_152,153,154,append_table_rows,logic_1_fcm_basic_match,1
2.FCM內控CA---壹、業務及收入循環 ---114.04.md,2.FCM內控CA---壹、業務及收入循環 ---114.04_table_152,2.FCM內控CA---壹、業務及收入循環 ---114.04_table_153,154,155,append_table_rows,logic_1_fcm_basic_match,1
2.FCM內控CA---壹、業務及收入循環 ---114.04.md,2.FCM內控CA---壹、業務及收入循環 ---114.04_table_153,2.FCM內控CA---壹、業務及收入循環 ---114.04_table_154,155,156,append_table_rows,logic_1_fcm_basic_match,1
2.FCM內控CA---壹、業務及收入循環 ---114.04.md,2.FCM內控CA---壹、業務及收入循環 ---114.04_table_154,2.FCM內控CA---壹、業務及收入循環 ---114.04_table_155,156,157,append_table_rows,logic_1_fcm_basic_match,1
2.FCM內控CA---壹、業務及收入循環 ---114.04.md,2.FCM內控CA---壹、業務及收入循環 ---114.04_table_155,2.FCM內控CA---壹、業務及收入循環 ---114.04_table_156,157,158,append_table_rows,logic_1_fcm_basic_match,1
2.FCM內控CA---壹、業務及收入循環 ---114.04.md,2.FCM內控CA---壹、業務及收入循環 ---114.04_table_156,2.FCM內控CA---壹、業務及收入循環 ---114.04_table_157,158,159,append_table_rows,logic_1_fcm_basic_match,1
2.FCM內控CA---壹、業務及收入循環 ---114.04.md,2.FCM內控CA---壹、業務及收入循環 ---114.04_table_157,2.FCM內控CA---壹、業務及收入循環 ---114.04_table_158,159,160,append_table_rows,logic_1_fcm_basic_match,1
2.FCM內控CA---壹、業務及收入循環 ---114.04.md,2.FCM內控CA---壹、業務及收入循環 ---114.04_table_159,2.FCM內控CA---壹、業務及收入循環 ---114.04_table_160,161,162,append_table_rows,logic_1_fcm_basic_match,1
2.FCM內控CA---壹、業務及收入循環 ---114.04.md,2.FCM內控CA---壹、業務及收入循環 ---114.04_table_164,2.FCM內控CA---壹、業務及收入循環 ---114.04_table_165,166,167,append_table_rows,logic_1_fcm_basic_match,1
2.FCM內控CA---壹、業務及收入循環 ---114.04.md,2.FCM內控CA---壹、業務及收入循環 ---114.04_table_166,2.FCM內控CA---壹、業務及收入循環 ---114.04_table_167,169,170,append_table_rows,logic_1_fcm_basic_match,1
2.FCM內控CA---壹、業務及收入循環 ---114.04.md,2.FCM內控CA---壹、業務及收入循環 ---114.04_table_167,2.FCM內控CA---壹、業務及收入循環 ---114.04_table_168,170,171,append_table_rows,logic_1_fcm_basic_match,1
2.FCM內控CA---壹、業務及收入循環 ---114.04.md,2.FCM內控CA---壹、業務及收入循環 ---114.04_table_169,2.FCM內控CA---壹、業務及收入循環 ---114.04_table_170,172,173,append_table_rows,logic_1_fcm_basic_match,1
2.FCM內控CA---壹、業務及收入循環 ---114.04.md,2.FCM內控CA---壹、業務及收入循環 ---114.04_table_170,2.FCM內控CA---壹、業務及收入循環 ---114.04_table_171,173,174,append_table_rows,logic_1_fcm_basic_match,1
2.FCM內控CA---壹、業務及收入循環 ---114.04.md,2.FCM內控CA---壹、業務及收入循環 ---114.04_table_171,2.FCM內控CA---壹、業務及收入循環 ---114.04_table_172,174,175,append_table_rows,logic_1_fcm_basic_match,1
2.FCM內控CA---壹、業務及收入循環 ---114.04.md,2.FCM內控CA---壹、業務及收入循環 ---114.04_table_175,2.FCM內控CA---壹、業務及收入循環 ---114.04_table_176,179,180,append_table_rows,logic_1_fcm_basic_match,1
2.FCM內控CA---壹、業務及收入循環 ---114.04.md,2.FCM內控CA---壹、業務及收入循環 ---114.04_table_177,2.FCM內控CA---壹、業務及收入循環 ---114.04_table_178,181,182,append_table_rows,logic_1_fcm_basic_match,1
2.FCM內控CA---壹、業務及收入循環 ---114.04.md,2.FCM內控CA---壹、業務及收入循環 ---114.04_table_179,2.FCM內控CA---壹、業務及收入循環 ---114.04_table_180,183,184,append_table_rows,logic_1_fcm_basic_match,1
2.FCM內控CA---壹、業務及收入循環 ---114.04.md,2.FCM內控CA---壹、業務及收入循環 ---114.04_table_180,2.FCM內控CA---壹、業務及收入循環 ---114.04_table_181,184,185,append_table_rows,logic_1_fcm_basic_match,1
2.FCM內控CA---壹、業務及收入循環 ---114.04.md,2.FCM內控CA---壹、業務及收入循環 ---114.04_table_182,2.FCM內控CA---壹、業務及收入循環 ---114.04_table_183,186,187,append_table_rows,logic_1_fcm_basic_match,1
2.FCM內控CA---壹、業務及收入循環 ---114.04.md,2.FCM內控CA---壹、業務及收入循環 ---114.04_table_183,2.FCM內控CA---壹、業務及收入循環 ---114.04_table_184,187,188,append_table_rows,logic_1_fcm_basic_match,1
2.FCM內控CA---壹、業務及收入循環 ---114.04.md,2.FCM內控CA---壹、業務及收入循環 ---114.04_table_184,2.FCM內控CA---壹、業務及收入循環 ---114.04_table_185,188,189,append_table_rows,logic_1_fcm_basic_match,1
2.FCM內控CA---壹、業務及收入循環 ---114.04.md,2.FCM內控CA---壹、業務及收入循環 ---114.04_table_186,2.FCM內控CA---壹、業務及收入循環 ---114.04_table_187,191,192,append_table_rows,logic_1_fcm_basic_match,1
2.FCM內控CA---壹、業務及收入循環 ---114.04.md,2.FCM內控CA---壹、業務及收入循環 ---114.04_table_187,2.FCM內控CA---壹、業務及收入循環 ---114.04_table_188,192,193,append_table_rows,logic_1_fcm_basic_match,1
2.FCM內控CA---壹、業務及收入循環 ---114.04.md,2.FCM內控CA---壹、業務及收入循環 ---114.04_table_188,2.FCM內控CA---壹、業務及收入循環 ---114.04_table_189,193,194,append_table_rows,logic_1_fcm_basic_match,1
2.FCM內控CA---壹、業務及收入循環 ---114.04.md,2.FCM內控CA---壹、業務及收入循環 ---114.04_table_192,2.FCM內控CA---壹、業務及收入循環 ---114.04_table_193,199,200,append_table_rows,logic_1_fcm_basic_match,1
2.FCM內控CA---壹、業務及收入循環 ---114.04.md,2.FCM內控CA---壹、業務及收入循環 ---114.04_table_193,2.FCM內控CA---壹、業務及收入循環 ---114.04_table_194,200,201,append_table_rows,logic_1_fcm_basic_match,1
2.FCM內控CA---壹、業務及收入循環 ---114.04.md,2.FCM內控CA---壹、業務及收入循環 ---114.04_table_194,2.FCM內控CA---壹、業務及收入循環 ---114.04_table_195,201,202,append_table_rows,logic_1_fcm_basic_match,1
2.FCM內控CA---壹、業務及收入循環 ---114.04.md,2.FCM內控CA---壹、業務及收入循環 ---114.04_table_195,2.FCM內控CA---壹、業務及收入循環 ---114.04_table_196,202,203,append_table_rows,logic_1_fcm_basic_match,1
2.FCM內控CA---壹、業務及收入循環 ---114.04.md,2.FCM內控CA---壹、業務及收入循環 ---114.04_table_196,2.FCM內控CA---壹、業務及收入循環 ---114.04_table_197,203,204,append_table_rows,logic_1_fcm_basic_match,1
2.FCM內控CA---壹、業務及收入循環 ---114.04.md,2.FCM內控CA---壹、業務及收入循環 ---114.04_table_197,2.FCM內控CA---壹、業務及收入循環 ---114.04_table_198,204,205,append_table_rows,logic_1_fcm_basic_match,1
2.FCM內控CA---壹、業務及收入循環 ---114.04.md,2.FCM內控CA---壹、業務及收入循環 ---114.04_table_198,2.FCM內控CA---壹、業務及收入循環 ---114.04_table_199,205,206,append_table_rows,logic_1_fcm_basic_match,1
2.FCM內控CA---壹、業務及收入循環 ---114.04.md,2.FCM內控CA---壹、業務及收入循環 ---114.04_table_199,2.FCM內控CA---壹、業務及收入循環 ---114.04_table_200,206,207,append_table_rows,logic_1_fcm_basic_match,1
2.FCM內控CA---壹、業務及收入循環 ---114.04.md,2.FCM內控CA---壹、業務及收入循環 ---114.04_table_201,2.FCM內控CA---壹、業務及收入循環 ---114.04_table_202,209,210,append_table_rows,logic_1_fcm_basic_match,1
2.FCM內控CA---壹、業務及收入循環 ---114.04.md,2.FCM內控CA---壹、業務及收入循環 ---114.04_table_202,2.FCM內控CA---壹、業務及收入循環 ---114.04_table_203,210,211,append_table_rows,logic_1_fcm_basic_match,1
2.FCM內控CA---壹、業務及收入循環 ---114.04.md,2.FCM內控CA---壹、業務及收入循環 ---114.04_table_203,2.FCM內控CA---壹、業務及收入循環 ---114.04_table_204,211,212,append_table_rows,logic_1_fcm_basic_match,1
2.FCM內控CA---壹、業務及收入循環 ---114.04.md,2.FCM內控CA---壹、業務及收入循環 ---114.04_table_204,2.FCM內控CA---壹、業務及收入循環 ---114.04_table_205,212,213,append_table_rows,logic_1_fcm_basic_match,1
2.FCM內控CA---壹、業務及收入循環 ---114.04.md,2.FCM內控CA---壹、業務及收入循環 ---114.04_table_208,2.FCM內控CA---壹、業務及收入循環 ---114.04_table_209,219,220,append_table_rows,logic_1_fcm_basic_match,1
2.FCM內控CA---壹、業務及收入循環 ---114.04.md,2.FCM內控CA---壹、業務及收入循環 ---114.04_table_210,2.FCM內控CA---壹、業務及收入循環 ---114.04_table_211,222,223,append_table_rows,logic_1_fcm_basic_match,1
2.FCM內控CA---壹、業務及收入循環 ---114.04.md,2.FCM內控CA---壹、業務及收入循環 ---114.04_table_211,2.FCM內控CA---壹、業務及收入循環 ---114.04_table_212,223,224,append_table_rows,logic_1_fcm_basic_match,1
2.FCM內控CA---壹、業務及收入循環 ---114.04.md,2.FCM內控CA---壹、業務及收入循環 ---114.04_table_212,2.FCM內控CA---壹、業務及收入循環 ---114.04_table_213,224,225,append_table_rows,logic_1_fcm_basic_match,1
2.FCM內控CA---壹、業務及收入循環 ---114.04.md,2.FCM內控CA---壹、業務及收入循環 ---114.04_table_214,2.FCM內控CA---壹、業務及收入循環 ---114.04_table_215,227,228,append_table_rows,logic_1_fcm_basic_match,1
2.FCM內控CA---壹、業務及收入循環 ---114.04.md,2.FCM內控CA---壹、業務及收入循環 ---114.04_table_215,2.FCM內控CA---壹、業務及收入循環 ---114.04_table_216,228,229,append_table_rows,logic_1_fcm_basic_match,1
2.FCM內控CA---壹、業務及收入循環 ---114.04.md,2.FCM內控CA---壹、業務及收入循環 ---114.04_table_216,2.FCM內控CA---壹、業務及收入循環 ---114.04_table_217,229,230,append_table_rows,logic_1_fcm_basic_match,1
2.FCM內控CA---壹、業務及收入循環 ---114.04.md,2.FCM內控CA---壹、業務及收入循環 ---114.04_table_218,2.FCM內控CA---壹、業務及收入循環 ---114.04_table_219,231,232,append_table_rows,logic_1_fcm_basic_match,1
2.FCM內控CA---壹、業務及收入循環 ---114.04.md,2.FCM內控CA---壹、業務及收入循環 ---114.04_table_219,2.FCM內控CA---壹、業務及收入循環 ---114.04_table_220,232,233,append_table_rows,logic_1_fcm_basic_match,1
2.FCM內控CA---壹、業務及收入循環 ---114.04.md,2.FCM內控CA---壹、業務及收入循環 ---114.04_table_221,2.FCM內控CA---壹、業務及收入循環 ---114.04_table_222,234,235,append_table_rows,logic_1_fcm_basic_match,1
2.FCM內控CA---壹、業務及收入循環 ---114.04.md,2.FCM內控CA---壹、業務及收入循環 ---114.04_table_229,2.FCM內控CA---壹、業務及收入循環 ---114.04_table_230,245,246,append_table_rows,logic_1_fcm_basic_match,1
2.FCM內控CA---壹、業務及收入循環 ---114.04.md,2.FCM內控CA---壹、業務及收入循環 ---114.04_table_230,2.FCM內控CA---壹、業務及收入循環 ---114.04_table_231,246,247,append_table_rows,logic_1_fcm_basic_match,1
2.FCM內控CA---壹、業務及收入循環 ---114.04.md,2.FCM內控CA---壹、業務及收入循環 ---114.04_table_231,2.FCM內控CA---壹、業務及收入循環 ---114.04_table_232,247,248,append_table_rows,logic_1_fcm_basic_match,1
2.FCM內控CA---壹、業務及收入循環 ---114.04.md,2.FCM內控CA---壹、業務及收入循環 ---114.04_table_232,2.FCM內控CA---壹、業務及收入循環 ---114.04_table_233,248,249,append_table_rows,logic_1_fcm_basic_match,1
2.FCM內控CA---壹、業務及收入循環 ---114.04.md,2.FCM內控CA---壹、業務及收入循環 ---114.04_table_233,2.FCM內控CA---壹、業務及收入循環 ---114.04_table_234,249,250,append_table_rows,logic_1_fcm_basic_match,1
2.FCM內控CA---壹、業務及收入循環 ---114.04.md,2.FCM內控CA---壹、業務及收入循環 ---114.04_table_234,2.FCM內控CA---壹、業務及收入循環 ---114.04_table_235,250,251,append_table_rows,logic_1_fcm_basic_match,1
2.FCM內控CA---壹、業務及收入循環 ---114.04.md,2.FCM內控CA---壹、業務及收入循環 ---114.04_table_236,2.FCM內控CA---壹、業務及收入循環 ---114.04_table_237,253,254,append_table_rows,logic_1_fcm_basic_match,1
2.FCM內控CA---壹、業務及收入循環 ---114.04.md,2.FCM內控CA---壹、業務及收入循環 ---114.04_table_237,2.FCM內控CA---壹、業務及收入循環 ---114.04_table_238,254,255,append_table_rows,logic_1_fcm_basic_match,1
2.FCM內控CA---壹、業務及收入循環 ---114.04.md,2.FCM內控CA---壹、業務及收入循環 ---114.04_table_238,2.FCM內控CA---壹、業務及收入循環 ---114.04_table_239,255,256,append_table_rows,logic_1_fcm_basic_match,1
2.FCM內控CA---壹、業務及收入循環 ---114.04.md,2.FCM內控CA---壹、業務及收入循環 ---114.04_table_239,2.FCM內控CA---壹、業務及收入循環 ---114.04_table_240,256,257,append_table_rows,logic_1_fcm_basic_match,1
2.FCM內控CA---壹、業務及收入循環 ---114.04.md,2.FCM內控CA---壹、業務及收入循環 ---114.04_table_240,2.FCM內控CA---壹、業務及收入循環 ---114.04_table_241,257,258,append_table_rows,logic_1_fcm_basic_match,1
2.FCM內控CA---壹、業務及收入循環 ---114.04.md,2.FCM內控CA---壹、業務及收入循環 ---114.04_table_243,2.FCM內控CA---壹、業務及收入循環 ---114.04_table_244,260,261,append_table_rows,logic_1_fcm_basic_match,1
2.FCM內控CA---壹、業務及收入循環 ---114.04.md,2.FCM內控CA---壹、業務及收入循環 ---114.04_table_245,2.FCM內控CA---壹、業務及收入循環 ---114.04_table_246,263,264,append_table_rows,logic_1_fcm_basic_match,1
2.FCM內控CA---壹、業務及收入循環 ---114.04.md,2.FCM內控CA---壹、業務及收入循環 ---114.04_table_247,2.FCM內控CA---壹、業務及收入循環 ---114.04_table_248,265,266,append_table_rows,logic_1_fcm_basic_match,1
2.FCM內控CA---壹、業務及收入循環 ---114.04.md,2.FCM內控CA---壹、業務及收入循環 ---114.04_table_250,2.FCM內控CA---壹、業務及收入循環 ---114.04_table_251,270,271,append_table_rows,logic_1_fcm_basic_match,1
2.FCM內控CA---壹、業務及收入循環 ---114.04.md,2.FCM內控CA---壹、業務及收入循環 ---114.04_table_251,2.FCM內控CA---壹、業務及收入循環 ---114.04_table_252,271,272,append_table_rows,logic_1_fcm_basic_match,1
2.FCM內控CA---壹、業務及收入循環 ---114.04.md,2.FCM內控CA---壹、業務及收入循環 ---114.04_table_252,2.FCM內控CA---壹、業務及收入循環 ---114.04_table_253,272,273,append_table_rows,logic_1_fcm_basic_match,1
2.FCM內控CA---壹、業務及收入循環 ---114.04.md,2.FCM內控CA---壹、業務及收入循環 ---114.04_table_253,2.FCM內控CA---壹、業務及收入循環 ---114.04_table_254,273,274,append_table_rows,logic_1_fcm_basic_match,1
3.FCM內控CP ---貳、採購及付款循環 ---114.04.md,3.FCM內控CP ---貳、採購及付款循環 ---114.04_table_1,3.FCM內控CP ---貳、採購及付款循環 ---114.04_table_2,2,3,append_table_rows,logic_1_fcm_basic_match,1
3.FCM內控CP ---貳、採購及付款循環 ---114.04.md,3.FCM內控CP ---貳、採購及付款循環 ---114.04_table_2,3.FCM內控CP ---貳、採購及付款循環 ---114.04_table_3,3,4,append_table_rows,logic_1_fcm_basic_match,1
3.FCM內控CP ---貳、採購及付款循環 ---114.04.md,3.FCM內控CP ---貳、採購及付款循環 ---114.04_table_3,3.FCM內控CP ---貳、採購及付款循環 ---114.04_table_4,4,5,append_table_rows,logic_1_fcm_basic_match,1
4.FCM內控CW---參 、薪工循環---114.04.md,4.FCM內控CW---參 、薪工循環---114.04_table_1,4.FCM內控CW---參 、薪工循環---114.04_table_2,2,3,append_table_rows,logic_1_fcm_basic_match,1
4.FCM內控CW---參 、薪工循環---114.04.md,4.FCM內控CW---參 、薪工循環---114.04_table_2,4.FCM內控CW---參 、薪工循環---114.04_table_3,3,4,append_table_rows,logic_1_fcm_basic_match,1
4.FCM內控CW---參 、薪工循環---114.04.md,4.FCM內控CW---參 、薪工循環---114.04_table_3,4.FCM內控CW---參 、薪工循環---114.04_table_4,4,5,append_table_rows,logic_1_fcm_basic_match,1
5.FCM內控CR---肆、融資循環---114.04.md,5.FCM內控CR---肆、融資循環---114.04_table_1,5.FCM內控CR---肆、融資循環---114.04_table_2,2,3,append_table_rows,logic_1_fcm_basic_match,1
5.FCM內控CR---肆、融資循環---114.04.md,5.FCM內控CR---肆、融資循環---114.04_table_2,5.FCM內控CR---肆、融資循環---114.04_table_3,3,4,append_table_rows,logic_1_fcm_basic_match,1
5.FCM內控CR---肆、融資循環---114.04.md,5.FCM內控CR---肆、融資循環---114.04_table_3,5.FCM內控CR---肆、融資循環---114.04_table_4,4,5,append_table_rows,logic_1_fcm_basic_match,1
5.FCM內控CR---肆、融資循環---114.04.md,5.FCM內控CR---肆、融資循環---114.04_table_4,5.FCM內控CR---肆、融資循環---114.04_table_5,5,6,append_table_rows,logic_1_fcm_basic_match,1
5.FCM內控CR---肆、融資循環---114.04.md,5.FCM內控CR---肆、融資循環---114.04_table_6,5.FCM內控CR---肆、融資循環---114.04_table_7,8,9,append_table_rows,logic_1_fcm_basic_match,1
5.FCM內控CR---肆、融資循環---114.04.md,5.FCM內控CR---肆、融資循環---114.04_table_7,5.FCM內控CR---肆、融資循環---114.04_table_8,9,10,append_table_rows,logic_1_fcm_basic_match,1
5.FCM內控CR---肆、融資循環---114.04.md,5.FCM內控CR---肆、融資循環---114.04_table_8,5.FCM內控CR---肆、融資循環---114.04_table_9,10,11,append_table_rows,logic_1_fcm_basic_match,1
5.FCM內控CR---肆、融資循環---114.04.md,5.FCM內控CR---肆、融資循環---114.04_table_10,5.FCM內控CR---肆、融資循環---114.04_table_11,13,14,append_table_rows,logic_1_fcm_basic_match,1
5.FCM內控CR---肆、融資循環---114.04.md,5.FCM內控CR---肆、融資循環---114.04_table_11,5.FCM內控CR---肆、融資循環---114.04_table_12,14,15,append_table_rows,logic_1_fcm_basic_match,1
5.FCM內控CR---肆、融資循環---114.04.md,5.FCM內控CR---肆、融資循環---114.04_table_14,5.FCM內控CR---肆、融資循環---114.04_table_15,19,20,append_table_rows,logic_1_fcm_basic_match,1
6.FCM內控CF---伍、不動產及設備循環---114.04.md,6.FCM內控CF---伍、不動產及設備循環---114.04_table_1,6.FCM內控CF---伍、不動產及設備循環---114.04_table_2,2,3,append_table_rows,logic_1_fcm_basic_match,1
7.FCM內控CI---陸、投資循環---114.04.md,7.FCM內控CI---陸、投資循環---114.04_table_2,7.FCM內控CI---陸、投資循環---114.04_table_3,4,5,append_table_rows,logic_1_fcm_basic_match,1
7.FCM內控CI---陸、投資循環---114.04.md,7.FCM內控CI---陸、投資循環---114.04_table_3,7.FCM內控CI---陸、投資循環---114.04_table_4,5,6,append_table_rows,logic_1_fcm_basic_match,1
7.FCM內控CI---陸、投資循環---114.04.md,7.FCM內控CI---陸、投資循環---114.04_table_4,7.FCM內控CI---陸、投資循環---114.04_table_5,6,7,append_table_rows,logic_1_fcm_basic_match,1
7.FCM內控CI---陸、投資循環---114.04.md,7.FCM內控CI---陸、投資循環---114.04_table_5,7.FCM內控CI---陸、投資循環---114.04_table_6,7,8,append_table_rows,logic_1_fcm_basic_match,1
7.FCM內控CI---陸、投資循環---114.04.md,7.FCM內控CI---陸、投資循環---114.04_table_6,7.FCM內控CI---陸、投資循環---114.04_table_7,8,9,append_table_rows,logic_1_fcm_basic_match,1
7.FCM內控CI---陸、投資循環---114.04.md,7.FCM內控CI---陸、投資循環---114.04_table_7,7.FCM內控CI---陸、投資循環---114.04_table_8,9,10,append_table_rows,logic_1_fcm_basic_match,1
7.FCM內控CI---陸、投資循環---114.04.md,7.FCM內控CI---陸、投資循環---114.04_table_8,7.FCM內控CI---陸、投資循環---114.04_table_9,10,11,append_table_rows,logic_1_fcm_basic_match,1
7.FCM內控CI---陸、投資循環---114.04.md,7.FCM內控CI---陸、投資循環---114.04_table_9,7.FCM內控CI---陸、投資循環---114.04_table_10,11,12,append_table_rows,logic_1_fcm_basic_match,1
7.FCM內控CI---陸、投資循環---114.04.md,7.FCM內控CI---陸、投資循環---114.04_table_10,7.FCM內控CI---陸、投資循環---114.04_table_11,12,13,append_table_rows,logic_1_fcm_basic_match,1
7.FCM內控CI---陸、投資循環---114.04.md,7.FCM內控CI---陸、投資循環---114.04_table_11,7.FCM內控CI---陸、投資循環---114.04_table_12,13,14,append_table_rows,logic_1_fcm_basic_match,1
7.FCM內控CI---陸、投資循環---114.04.md,7.FCM內控CI---陸、投資循環---114.04_table_13,7.FCM內控CI---陸、投資循環---114.04_table_14,16,17,append_table_rows,logic_1_fcm_basic_match,1
7.FCM內控CI---陸、投資循環---114.04.md,7.FCM內控CI---陸、投資循環---114.04_table_15,7.FCM內控CI---陸、投資循環---114.04_table_16,19,20,append_table_rows,logic_1_fcm_basic_match,1
8.FCM內控CC---柒、電腦作業與資訊提供---114.04.md,8.FCM內控CC---柒、電腦作業與資訊提供---114.04_table_3,8.FCM內控CC---柒、電腦作業與資訊提供---114.04_table_4,6,7,append_table_rows,logic_1_fcm_basic_match,1
8.FCM內控CC---柒、電腦作業與資訊提供---114.04.md,8.FCM內控CC---柒、電腦作業與資訊提供---114.04_table_4,8.FCM內控CC---柒、電腦作業與資訊提供---114.04_table_5,7,8,append_table_rows,logic_1_fcm_basic_match,1
8.FCM內控CC---柒、電腦作業與資訊提供---114.04.md,8.FCM內控CC---柒、電腦作業與資訊提供---114.04_table_8,8.FCM內控CC---柒、電腦作業與資訊提供---114.04_table_9,14,15,append_table_rows,logic_1_fcm_basic_match,1
8.FCM內控CC---柒、電腦作業與資訊提供---114.04.md,8.FCM內控CC---柒、電腦作業與資訊提供---114.04_table_11,8.FCM內控CC---柒、電腦作業與資訊提供---114.04_table_12,18,19,append_table_rows,logic_1_fcm_basic_match,1
8.FCM內控CC---柒、電腦作業與資訊提供---114.04.md,8.FCM內控CC---柒、電腦作業與資訊提供---114.04_table_12,8.FCM內控CC---柒、電腦作業與資訊提供---114.04_table_13,19,20,append_table_rows,logic_1_fcm_basic_match,1
8.FCM內控CC---柒、電腦作業與資訊提供---114.04.md,8.FCM內控CC---柒、電腦作業與資訊提供---114.04_table_13,8.FCM內控CC---柒、電腦作業與資訊提供---114.04_table_14,20,21,append_table_rows,logic_1_fcm_basic_match,1
8.FCM內控CC---柒、電腦作業與資訊提供---114.04.md,8.FCM內控CC---柒、電腦作業與資訊提供---114.04_table_14,8.FCM內控CC---柒、電腦作業與資訊提供---114.04_table_15,21,22,append_table_rows,logic_1_fcm_basic_match,1
8.FCM內控CC---柒、電腦作業與資訊提供---114.04.md,8.FCM內控CC---柒、電腦作業與資訊提供---114.04_table_15,8.FCM內控CC---柒、電腦作業與資訊提供---114.04_table_16,22,23,append_table_rows,logic_1_fcm_basic_match,1
8.FCM內控CC---柒、電腦作業與資訊提供---114.04.md,8.FCM內控CC---柒、電腦作業與資訊提供---114.04_table_16,8.FCM內控CC---柒、電腦作業與資訊提供---114.04_table_17,23,24,append_table_rows,logic_1_fcm_basic_match,1
8.FCM內控CC---柒、電腦作業與資訊提供---114.04.md,8.FCM內控CC---柒、電腦作業與資訊提供---114.04_table_18,8.FCM內控CC---柒、電腦作業與資訊提供---114.04_table_19,25,26,append_table_rows,logic_1_fcm_basic_match,1
8.FCM內控CC---柒、電腦作業與資訊提供---114.04.md,8.FCM內控CC---柒、電腦作業與資訊提供---114.04_table_19,8.FCM內控CC---柒、電腦作業與資訊提供---114.04_table_20,26,27,append_table_rows,logic_1_fcm_basic_match,1
8.FCM內控CC---柒、電腦作業與資訊提供---114.04.md,8.FCM內控CC---柒、電腦作業與資訊提供---114.04_table_20,8.FCM內控CC---柒、電腦作業與資訊提供---114.04_table_21,27,28,append_table_rows,logic_1_fcm_basic_match,1
8.FCM內控CC---柒、電腦作業與資訊提供---114.04.md,8.FCM內控CC---柒、電腦作業與資訊提供---114.04_table_21,8.FCM內控CC---柒、電腦作業與資訊提供---114.04_table_22,28,29,append_table_rows,logic_1_fcm_basic_match,1
8.FCM內控CC---柒、電腦作業與資訊提供---114.04.md,8.FCM內控CC---柒、電腦作業與資訊提供---114.04_table_23,8.FCM內控CC---柒、電腦作業與資訊提供---114.04_table_24,31,32,append_table_rows,logic_1_fcm_basic_match,1
8.FCM內控CC---柒、電腦作業與資訊提供---114.04.md,8.FCM內控CC---柒、電腦作業與資訊提供---114.04_table_24,8.FCM內控CC---柒、電腦作業與資訊提供---114.04_table_25,32,33,append_table_rows,logic_1_fcm_basic_match,1
8.FCM內控CC---柒、電腦作業與資訊提供---114.04.md,8.FCM內控CC---柒、電腦作業與資訊提供---114.04_table_25,8.FCM內控CC---柒、電腦作業與資訊提供---114.04_table_26,33,34,append_table_rows,logic_1_fcm_basic_match,1
8.FCM內控CC---柒、電腦作業與資訊提供---114.04.md,8.FCM內控CC---柒、電腦作業與資訊提供---114.04_table_26,8.FCM內控CC---柒、電腦作業與資訊提供---114.04_table_27,34,35,append_table_rows,logic_1_fcm_basic_match,1
8.FCM內控CC---柒、電腦作業與資訊提供---114.04.md,8.FCM內控CC---柒、電腦作業與資訊提供---114.04_table_28,8.FCM內控CC---柒、電腦作業與資訊提供---114.04_table_29,37,38,append_table_rows,logic_1_fcm_basic_match,1
8.FCM內控CC---柒、電腦作業與資訊提供---114.04.md,8.FCM內控CC---柒、電腦作業與資訊提供---114.04_table_29,8.FCM內控CC---柒、電腦作業與資訊提供---114.04_table_30,38,39,append_table_rows,logic_1_fcm_basic_match,1
8.FCM內控CC---柒、電腦作業與資訊提供---114.04.md,8.FCM內控CC---柒、電腦作業與資訊提供---114.04_table_30,8.FCM內控CC---柒、電腦作業與資訊提供---114.04_table_31,39,40,append_table_rows,logic_1_fcm_basic_match,1
8.FCM內控CC---柒、電腦作業與資訊提供---114.04.md,8.FCM內控CC---柒、電腦作業與資訊提供---114.04_table_31,8.FCM內控CC---柒、電腦作業與資訊提供---114.04_table_32,40,41,append_table_rows,logic_1_fcm_basic_match,1
8.FCM內控CC---柒、電腦作業與資訊提供---114.04.md,8.FCM內控CC---柒、電腦作業與資訊提供---114.04_table_32,8.FCM內控CC---柒、電腦作業與資訊提供---114.04_table_33,41,42,append_table_rows,logic_1_fcm_basic_match,1
8.FCM內控CC---柒、電腦作業與資訊提供---114.04.md,8.FCM內控CC---柒、電腦作業與資訊提供---114.04_table_33,8.FCM內控CC---柒、電腦作業與資訊提供---114.04_table_34,42,43,append_table_rows,logic_1_fcm_basic_match,1
8.FCM內控CC---柒、電腦作業與資訊提供---114.04.md,8.FCM內控CC---柒、電腦作業與資訊提供---114.04_table_34,8.FCM內控CC---柒、電腦作業與資訊提供---114.04_table_35,43,44,append_table_rows,logic_1_fcm_basic_match,1
8.FCM內控CC---柒、電腦作業與資訊提供---114.04.md,8.FCM內控CC---柒、電腦作業與資訊提供---114.04_table_35,8.FCM內控CC---柒、電腦作業與資訊提供---114.04_table_36,44,45,append_table_rows,logic_1_fcm_basic_match,1
8.FCM內控CC---柒、電腦作業與資訊提供---114.04.md,8.FCM內控CC---柒、電腦作業與資訊提供---114.04_table_36,8.FCM內控CC---柒、電腦作業與資訊提供---114.04_table_37,45,46,append_table_rows,logic_1_fcm_basic_match,1
8.FCM內控CC---柒、電腦作業與資訊提供---114.04.md,8.FCM內控CC---柒、電腦作業與資訊提供---114.04_table_37,8.FCM內控CC---柒、電腦作業與資訊提供---114.04_table_38,46,47,append_table_rows,logic_1_fcm_basic_match,1
8.FCM內控CC---柒、電腦作業與資訊提供---114.04.md,8.FCM內控CC---柒、電腦作業與資訊提供---114.04_table_38,8.FCM內控CC---柒、電腦作業與資訊提供---114.04_table_39,47,48,append_table_rows,logic_1_fcm_basic_match,1
8.FCM內控CC---柒、電腦作業與資訊提供---114.04.md,8.FCM內控CC---柒、電腦作業與資訊提供---114.04_table_40,8.FCM內控CC---柒、電腦作業與資訊提供---114.04_table_41,50,51,append_table_rows,logic_1_fcm_basic_match,1
8.FCM內控CC---柒、電腦作業與資訊提供---114.04.md,8.FCM內控CC---柒、電腦作業與資訊提供---114.04_table_41,8.FCM內控CC---柒、電腦作業與資訊提供---114.04_table_42,51,52,append_table_rows,logic_1_fcm_basic_match,1
8.FCM內控CC---柒、電腦作業與資訊提供---114.04.md,8.FCM內控CC---柒、電腦作業與資訊提供---114.04_table_42,8.FCM內控CC---柒、電腦作業與資訊提供---114.04_table_43,52,53,append_table_rows,logic_1_fcm_basic_match,1
8.FCM內控CC---柒、電腦作業與資訊提供---114.04.md,8.FCM內控CC---柒、電腦作業與資訊提供---114.04_table_45,8.FCM內控CC---柒、電腦作業與資訊提供---114.04_table_46,57,58,append_table_rows,logic_1_fcm_basic_match,1
8.FCM內控CC---柒、電腦作業與資訊提供---114.04.md,8.FCM內控CC---柒、電腦作業與資訊提供---114.04_table_46,8.FCM內控CC---柒、電腦作業與資訊提供---114.04_table_47,58,59,append_table_rows,logic_1_fcm_basic_match,1
8.FCM內控CC---柒、電腦作業與資訊提供---114.04.md,8.FCM內控CC---柒、電腦作業與資訊提供---114.04_table_47,8.FCM內控CC---柒、電腦作業與資訊提供---114.04_table_48,59,60,append_table_rows,logic_1_fcm_basic_match,1
8.FCM內控CC---柒、電腦作業與資訊提供---114.04.md,8.FCM內控CC---柒、電腦作業與資訊提供---114.04_table_49,8.FCM內控CC---柒、電腦作業與資訊提供---114.04_table_50,62,63,append_table_rows,logic_1_fcm_basic_match,1
9.FCM內控CM---捌、管理控制制度---114.04.md,9.FCM內控CM---捌、管理控制制度---114.04_table_2,9.FCM內控CM---捌、管理控制制度---114.04_table_3,4,5,append_table_rows,logic_1_fcm_basic_match,1
9.FCM內控CM---捌、管理控制制度---114.04.md,9.FCM內控CM---捌、管理控制制度---114.04_table_6,9.FCM內控CM---捌、管理控制制度---114.04_table_7,11,12,append_table_rows,logic_1_fcm_basic_match,1
9.FCM內控CM---捌、管理控制制度---114.04.md,9.FCM內控CM---捌、管理控制制度---114.04_table_10,9.FCM內控CM---捌、管理控制制度---114.04_table_11,18,19,append_table_rows,logic_1_fcm_basic_match,1
9.FCM內控CM---捌、管理控制制度---114.04.md,9.FCM內控CM---捌、管理控制制度---114.04_table_11,9.FCM內控CM---捌、管理控制制度---114.04_table_12,19,20,append_table_rows,logic_1_fcm_basic_match,1
9.FCM內控CM---捌、管理控制制度---114.04.md,9.FCM內控CM---捌、管理控制制度---114.04_table_12,9.FCM內控CM---捌、管理控制制度---114.04_table_13,20,21,append_table_rows,logic_1_fcm_basic_match,1
9.FCM內控CM---捌、管理控制制度---114.04.md,9.FCM內控CM---捌、管理控制制度---114.04_table_14,9.FCM內控CM---捌、管理控制制度---114.04_table_15,23,24,append_table_rows,logic_1_fcm_basic_match,1
9.FCM內控CM---捌、管理控制制度---114.04.md,9.FCM內控CM---捌、管理控制制度---114.04_table_15,9.FCM內控CM---捌、管理控制制度---114.04_table_16,24,25,append_table_rows,logic_1_fcm_basic_match,1
9.FCM內控CM---捌、管理控制制度---114.04.md,9.FCM內控CM---捌、管理控制制度---114.04_table_18,9.FCM內控CM---捌、管理控制制度---114.04_table_19,29,30,append_table_rows,logic_1_fcm_basic_match,1
9.FCM內控CM---捌、管理控制制度---114.04.md,9.FCM內控CM---捌、管理控制制度---114.04_table_20,9.FCM內控CM---捌、管理控制制度---114.04_table_21,32,33,append_table_rows,logic_1_fcm_basic_match,1
9.FCM內控CM---捌、管理控制制度---114.04.md,9.FCM內控CM---捌、管理控制制度---114.04_table_21,9.FCM內控CM---捌、管理控制制度---114.04_table_22,33,34,append_table_rows,logic_1_fcm_basic_match,1
9.FCM內控CM---捌、管理控制制度---114.04.md,9.FCM內控CM---捌、管理控制制度---114.04_table_22,9.FCM內控CM---捌、管理控制制度---114.04_table_23,34,35,append_table_rows,logic_1_fcm_basic_match,1
9.FCM內控CM---捌、管理控制制度---114.04.md,9.FCM內控CM---捌、管理控制制度---114.04_table_24,9.FCM內控CM---捌、管理控制制度---114.04_table_25,37,38,append_table_rows,logic_1_fcm_basic_match,1
9.FCM內控CM---捌、管理控制制度---114.04.md,9.FCM內控CM---捌、管理控制制度---114.04_table_26,9.FCM內控CM---捌、管理控制制度---114.04_table_27,40,41,append_table_rows,logic_1_fcm_basic_match,1
9.FCM內控CM---捌、管理控制制度---114.04.md,9.FCM內控CM---捌、管理控制制度---114.04_table_27,9.FCM內控CM---捌、管理控制制度---114.04_table_28,41,42,append_table_rows,logic_1_fcm_basic_match,1
9.FCM內控CM---捌、管理控制制度---114.04.md,9.FCM內控CM---捌、管理控制制度---114.04_table_28,9.FCM內控CM---捌、管理控制制度---114.04_table_29,42,43,append_table_rows,logic_1_fcm_basic_match,1
9.FCM內控CM---捌、管理控制制度---114.04.md,9.FCM內控CM---捌、管理控制制度---114.04_table_29,9.FCM內控CM---捌、管理控制制度---114.04_table_30,43,44,append_table_rows,logic_1_fcm_basic_match,1
9.FCM內控CM---捌、管理控制制度---114.04.md,9.FCM內控CM---捌、管理控制制度---114.04_table_30,9.FCM內控CM---捌、管理控制制度---114.04_table_31,44,45,append_table_rows,logic_1_fcm_basic_match,1
9.FCM內控CM---捌、管理控制制度---114.04.md,9.FCM內控CM---捌、管理控制制度---114.04_table_31,9.FCM內控CM---捌、管理控制制度---114.04_table_32,45,46,append_table_rows,logic_1_fcm_basic_match,1
9.FCM內控CM---捌、管理控制制度---114.04.md,9.FCM內控CM---捌、管理控制制度---114.04_table_32,9.FCM內控CM---捌、管理控制制度---114.04_table_33,46,47,append_table_rows,logic_1_fcm_basic_match,1
9.FCM內控CM---捌、管理控制制度---114.04.md,9.FCM內控CM---捌、管理控制制度---114.04_table_33,9.FCM內控CM---捌、管理控制制度---114.04_table_34,47,48,append_table_rows,logic_1_fcm_basic_match,1
9.FCM內控CM---捌、管理控制制度---114.04.md,9.FCM內控CM---捌、管理控制制度---114.04_table_35,9.FCM內控CM---捌、管理控制制度---114.04_table_36,50,51,append_table_rows,logic_1_fcm_basic_match,1
9.FCM內控CM---捌、管理控制制度---114.04.md,9.FCM內控CM---捌、管理控制制度---114.04_table_37,9.FCM內控CM---捌、管理控制制度---114.04_table_38,53,54,append_table_rows,logic_1_fcm_basic_match,1
9.FCM內控CM---捌、管理控制制度---114.04.md,9.FCM內控CM---捌、管理控制制度---114.04_table_38,9.FCM內控CM---捌、管理控制制度---114.04_table_39,54,55,append_table_rows,logic_1_fcm_basic_match,1
9.FCM內控CM---捌、管理控制制度---114.04.md,9.FCM內控CM---捌、管理控制制度---114.04_table_39,9.FCM內控CM---捌、管理控制制度---114.04_table_40,55,56,append_table_rows,logic_1_fcm_basic_match,1
9.FCM內控CM---捌、管理控制制度---114.04.md,9.FCM內控CM---捌、管理控制制度---114.04_table_41,9.FCM內控CM---捌、管理控制制度---114.04_table_42,58,59,append_table_rows,logic_1_fcm_basic_match,1
9.FCM內控CM---捌、管理控制制度---114.04.md,9.FCM內控CM---捌、管理控制制度---114.04_table_43,9.FCM內控CM---捌、管理控制制度---114.04_table_44,61,62,append_table_rows,logic_1_fcm_basic_match,1
9.FCM內控CM---捌、管理控制制度---114.04.md,9.FCM內控CM---捌、管理控制制度---114.04_table_44,9.FCM內控CM---捌、管理控制制度---114.04_table_45,62,63,append_table_rows,logic_1_fcm_basic_match,1
9.FCM內控CM---捌、管理控制制度---114.04.md,9.FCM內控CM---捌、管理控制制度---114.04_table_46,9.FCM內控CM---捌、管理控制制度---114.04_table_47,65,66,append_table_rows,logic_1_fcm_basic_match,1
9.FCM內控CM---捌、管理控制制度---114.04.md,9.FCM內控CM---捌、管理控制制度---114.04_table_47,9.FCM內控CM---捌、管理控制制度---114.04_table_48,66,67,append_table_rows,logic_1_fcm_basic_match,1
9.FCM內控CM---捌、管理控制制度---114.04.md,9.FCM內控CM---捌、管理控制制度---114.04_table_48,9.FCM內控CM---捌、管理控制制度---114.04_table_49,67,68,append_table_rows,logic_1_fcm_basic_match,1
財團法人中華民國證券櫃檯買賣中心證券商經營自行買賣具證券性質之虛擬通貨業務管理辦法1090120.md,財團法人中華民國證券櫃檯買賣中心證券商經營自行買賣具證券性質之虛擬通貨業務管理辦法1090120_table_1,財團法人中華民國證券櫃檯買賣中心證券商經營自行買賣具證券性質之虛擬通貨業務管理辦法1090120_table_2,1,2,append_table_rows,logic_4_sto_single_tail_row,1
財團法人中華民國證券櫃檯買賣中心證券商經營自行買賣具證券性質之虛擬通貨業務管理辦法1090120.md,財團法人中華民國證券櫃檯買賣中心證券商經營自行買賣具證券性質之虛擬通貨業務管理辦法1090120_table_2,財團法人中華民國證券櫃檯買賣中心證券商經營自行買賣具證券性質之虛擬通貨業務管理辦法1090120_table_3,2,3,append_table_rows,logic_4_sto_article_gap,1
財團法人中華民國證券櫃檯買賣中心證券商經營自行買賣具證券性質之虛擬通貨業務管理辦法1090120.md,財團法人中華民國證券櫃檯買賣中心證券商經營自行買賣具證券性質之虛擬通貨業務管理辦法1090120_table_3,財團法人中華民國證券櫃檯買賣中心證券商經營自行買賣具證券性質之虛擬通貨業務管理辦法1090120_table_4,3,4,append_table_rows,logic_4_sto_article_gap,1
財團法人中華民國證券櫃檯買賣中心證券商經營自行買賣具證券性質之虛擬通貨業務管理辦法1090120.md,財團法人中華民國證券櫃檯買賣中心證券商經營自行買賣具證券性質之虛擬通貨業務管理辦法1090120_table_4,財團法人中華民國證券櫃檯買賣中心證券商經營自行買賣具證券性質之虛擬通貨業務管理辦法1090120_table_5,4,5,append_table_rows,logic_4_sto_article_gap,1
財團法人中華民國證券櫃檯買賣中心證券商經營自行買賣具證券性質之虛擬通貨業務管理辦法1090120.md,財團法人中華民國證券櫃檯買賣中心證券商經營自行買賣具證券性質之虛擬通貨業務管理辦法1090120_table_5,財團法人中華民國證券櫃檯買賣中心證券商經營自行買賣具證券性質之虛擬通貨業務管理辦法1090120_table_6,5,6,append_table_rows,logic_4_sto_article_gap,1
財團法人中華民國證券櫃檯買賣中心證券商經營自行買賣具證券性質之虛擬通貨業務管理辦法1090120.md,財團法人中華民國證券櫃檯買賣中心證券商經營自行買賣具證券性質之虛擬通貨業務管理辦法1090120_table_6,財團法人中華民國證券櫃檯買賣中心證券商經營自行買賣具證券性質之虛擬通貨業務管理辦法1090120_table_7,6,7,append_table_rows,logic_4_sto_article_gap,1
財團法人中華民國證券櫃檯買賣中心證券商經營自行買賣具證券性質之虛擬通貨業務管理辦法1090120.md,財團法人中華民國證券櫃檯買賣中心證券商經營自行買賣具證券性質之虛擬通貨業務管理辦法1090120_table_7,財團法人中華民國證券櫃檯買賣中心證券商經營自行買賣具證券性質之虛擬通貨業務管理辦法1090120_table_8,7,8,append_table_rows,logic_4_sto_article_gap,1
財團法人中華民國證券櫃檯買賣中心證券商經營自行買賣具證券性質之虛擬通貨業務管理辦法1090120.md,財團法人中華民國證券櫃檯買賣中心證券商經營自行買賣具證券性質之虛擬通貨業務管理辦法1090120_table_8,財團法人中華民國證券櫃檯買賣中心證券商經營自行買賣具證券性質之虛擬通貨業務管理辦法1090120_table_9,8,9,append_table_rows,logic_4_sto_article_gap,1
財團法人中華民國證券櫃檯買賣中心證券商經營自行買賣具證券性質之虛擬通貨業務管理辦法1090120.md,財團法人中華民國證券櫃檯買賣中心證券商經營自行買賣具證券性質之虛擬通貨業務管理辦法1090120_table_9,財團法人中華民國證券櫃檯買賣中心證券商經營自行買賣具證券性質之虛擬通貨業務管理辦法1090120_table_10,9,10,append_table_rows,logic_4_sto_article_gap,1
財團法人中華民國證券櫃檯買賣中心證券商經營自行買賣具證券性質之虛擬通貨業務管理辦法1090120.md,財團法人中華民國證券櫃檯買賣中心證券商經營自行買賣具證券性質之虛擬通貨業務管理辦法1090120_table_10,財團法人中華民國證券櫃檯買賣中心證券商經營自行買賣具證券性質之虛擬通貨業務管理辦法1090120_table_11,10,11,append_table_rows,logic_4_sto_article_gap,1
財團法人中華民國證券櫃檯買賣中心證券商經營自行買賣具證券性質之虛擬通貨業務管理辦法1090120.md,財團法人中華民國證券櫃檯買賣中心證券商經營自行買賣具證券性質之虛擬通貨業務管理辦法1090120_table_11,財團法人中華民國證券櫃檯買賣中心證券商經營自行買賣具證券性質之虛擬通貨業務管理辦法1090120_table_12,11,12,append_table_rows,logic_4_sto_article_gap,1
財團法人中華民國證券櫃檯買賣中心證券商經營自行買賣具證券性質之虛擬通貨業務管理辦法1090120.md,財團法人中華民國證券櫃檯買賣中心證券商經營自行買賣具證券性質之虛擬通貨業務管理辦法1090120_table_12,財團法人中華民國證券櫃檯買賣中心證券商經營自行買賣具證券性質之虛擬通貨業務管理辦法1090120_table_13,12,13,append_table_rows,logic_4_sto_article_gap,1
財團法人中華民國證券櫃檯買賣中心證券商經營自行買賣具證券性質之虛擬通貨業務管理辦法1090120.md,財團法人中華民國證券櫃檯買賣中心證券商經營自行買賣具證券性質之虛擬通貨業務管理辦法1090120_table_13,財團法人中華民國證券櫃檯買賣中心證券商經營自行買賣具證券性質之虛擬通貨業務管理辦法1090120_table_14,13,14,append_table_rows,logic_4_sto_article_gap,1
財團法人中華民國證券櫃檯買賣中心證券商經營自行買賣具證券性質之虛擬通貨業務管理辦法1090120.md,財團法人中華民國證券櫃檯買賣中心證券商經營自行買賣具證券性質之虛擬通貨業務管理辦法1090120_table_14,財團法人中華民國證券櫃檯買賣中心證券商經營自行買賣具證券性質之虛擬通貨業務管理辦法1090120_table_15,14,15,append_table_rows,logic_4_sto_article_gap,1
財團法人中華民國證券櫃檯買賣中心證券商經營自行買賣具證券性質之虛擬通貨業務管理辦法1090120.md,財團法人中華民國證券櫃檯買賣中心證券商經營自行買賣具證券性質之虛擬通貨業務管理辦法1090120_table_15,財團法人中華民國證券櫃檯買賣中心證券商經營自行買賣具證券性質之虛擬通貨業務管理辦法1090120_table_16,15,16,append_table_rows,logic_4_sto_article_gap,1
財團法人中華民國證券櫃檯買賣中心證券商經營自行買賣具證券性質之虛擬通貨業務管理辦法1090120.md,財團法人中華民國證券櫃檯買賣中心證券商經營自行買賣具證券性質之虛擬通貨業務管理辦法1090120_table_16,財團法人中華民國證券櫃檯買賣中心證券商經營自行買賣具證券性質之虛擬通貨業務管理辦法1090120_table_17,16,17,append_table_rows,logic_4_sto_article_gap,1
財團法人中華民國證券櫃檯買賣中心證券商經營自行買賣具證券性質之虛擬通貨業務管理辦法1090120.md,財團法人中華民國證券櫃檯買賣中心證券商經營自行買賣具證券性質之虛擬通貨業務管理辦法1090120_table_17,財團法人中華民國證券櫃檯買賣中心證券商經營自行買賣具證券性質之虛擬通貨業務管理辦法1090120_table_18,17,18,append_table_rows,logic_4_sto_article_gap,1
財團法人中華民國證券櫃檯買賣中心證券商經營自行買賣具證券性質之虛擬通貨業務管理辦法1090120.md,財團法人中華民國證券櫃檯買賣中心證券商經營自行買賣具證券性質之虛擬通貨業務管理辦法1090120_table_18,財團法人中華民國證券櫃檯買賣中心證券商經營自行買賣具證券性質之虛擬通貨業務管理辦法1090120_table_19,18,19,append_table_rows,logic_4_sto_single_tail_row,1
財團法人中華民國證券櫃檯買賣中心證券商經營自行買賣具證券性質之虛擬通貨業務管理辦法1090120.md,財團法人中華民國證券櫃檯買賣中心證券商經營自行買賣具證券性質之虛擬通貨業務管理辦法1090120_table_19,財團法人中華民國證券櫃檯買賣中心證券商經營自行買賣具證券性質之虛擬通貨業務管理辦法1090120_table_20,19,20,append_table_rows,logic_4_sto_article_gap,1
財團法人中華民國證券櫃檯買賣中心證券商經營自行買賣具證券性質之虛擬通貨業務管理辦法1090120.md,財團法人中華民國證券櫃檯買賣中心證券商經營自行買賣具證券性質之虛擬通貨業務管理辦法1090120_table_20,財團法人中華民國證券櫃檯買賣中心證券商經營自行買賣具證券性質之虛擬通貨業務管理辦法1090120_table_21,20,21,append_table_rows,logic_4_sto_article_gap,1
財團法人中華民國證券櫃檯買賣中心證券商經營自行買賣具證券性質之虛擬通貨業務管理辦法1090120.md,財團法人中華民國證券櫃檯買賣中心證券商經營自行買賣具證券性質之虛擬通貨業務管理辦法1090120_table_21,財團法人中華民國證券櫃檯買賣中心證券商經營自行買賣具證券性質之虛擬通貨業務管理辦法1090120_table_22,21,22,append_table_rows,logic_4_sto_article_gap,1
財團法人中華民國證券櫃檯買賣中心證券商經營自行買賣具證券性質之虛擬通貨業務管理辦法1090120.md,財團法人中華民國證券櫃檯買賣中心證券商經營自行買賣具證券性質之虛擬通貨業務管理辦法1090120_table_22,財團法人中華民國證券櫃檯買賣中心證券商經營自行買賣具證券性質之虛擬通貨業務管理辦法1090120_table_23,22,23,append_table_rows,logic_4_sto_article_gap,1
財團法人中華民國證券櫃檯買賣中心證券商經營自行買賣具證券性質之虛擬通貨業務管理辦法1090120.md,財團法人中華民國證券櫃檯買賣中心證券商經營自行買賣具證券性質之虛擬通貨業務管理辦法1090120_table_23,財團法人中華民國證券櫃檯買賣中心證券商經營自行買賣具證券性質之虛擬通貨業務管理辦法1090120_table_24,23,24,append_table_rows,logic_4_sto_article_gap,1
財團法人中華民國證券櫃檯買賣中心證券商經營自行買賣具證券性質之虛擬通貨業務管理辦法1090120.md,財團法人中華民國證券櫃檯買賣中心證券商經營自行買賣具證券性質之虛擬通貨業務管理辦法1090120_table_24,財團法人中華民國證券櫃檯買賣中心證券商經營自行買賣具證券性質之虛擬通貨業務管理辦法1090120_table_25,24,25,append_table_rows,logic_4_sto_article_gap,1
財團法人中華民國證券櫃檯買賣中心證券商經營自行買賣具證券性質之虛擬通貨業務管理辦法1090120.md,財團法人中華民國證券櫃檯買賣中心證券商經營自行買賣具證券性質之虛擬通貨業務管理辦法1090120_table_26,財團法人中華民國證券櫃檯買賣中心證券商經營自行買賣具證券性質之虛擬通貨業務管理辦法1090120_table_27,26,27,append_table_rows,logic_4_sto_article_gap,1
財團法人中華民國證券櫃檯買賣中心證券商經營自行買賣具證券性質之虛擬通貨業務管理辦法1090120.md,財團法人中華民國證券櫃檯買賣中心證券商經營自行買賣具證券性質之虛擬通貨業務管理辦法1090120_table_27,財團法人中華民國證券櫃檯買賣中心證券商經營自行買賣具證券性質之虛擬通貨業務管理辦法1090120_table_28,27,28,append_table_rows,logic_4_sto_article_gap,1
財團法人中華民國證券櫃檯買賣中心證券商經營自行買賣具證券性質之虛擬通貨業務管理辦法1090120.md,財團法人中華民國證券櫃檯買賣中心證券商經營自行買賣具證券性質之虛擬通貨業務管理辦法1090120_table_28,財團法人中華民國證券櫃檯買賣中心證券商經營自行買賣具證券性質之虛擬通貨業務管理辦法1090120_table_29,28,29,append_table_rows,logic_4_sto_article_gap,1
